,Kingdom,Phylum,Class,Order,Family,Genus,Species
OTU.1,k__Fungi,NA,NA,NA,NA,NA,NA
OTU.2,k__Fungi,p__Ascomycota,NA,NA,NA,NA,NA
OTU.3,k__Fungi,p__Ascomycota,c__Arthoniomycetes,o__Lichenostigmatales,f__Phaeococcomycetaceae,g__Phaeococcomyces,s__unidentified
OTU.4,k__Fungi,p__Ascomycota,c__Dothideomycetes,o__Capnodiales,NA,NA,NA
OTU.5,k__Fungi,p__Ascomycota,c__Dothideomycetes,o__Capnodiales,f__Cladosporiaceae,g__Cladosporium,s__Cladosporium_herbarum
OTU.6,k__Fungi,p__Ascomycota,c__Dothideomycetes,o__Capnodiales,f__Cladosporiaceae,g__Cladosporium,s__unidentified
OTU.7,k__Fungi,p__Ascomycota,c__Dothideomycetes,o__Capnodiales,f__Mycosphaerellaceae,NA,NA
OTU.8,k__Fungi,p__Ascomycota,c__Dothideomycetes,o__Capnodiales,f__Mycosphaerellaceae,g__Mycosphaerella,s__Mycosphaerella_tassiana
OTU.9,k__Fungi,p__Ascomycota,c__Dothideomycetes,o__Capnodiales,f__Mycosphaerellaceae,g__Mycosphaerella,s__unidentified
OTU.10,k__Fungi,p__Ascomycota,c__Dothideomycetes,o__Capnodiales,f__Mycosphaerellaceae,g__Ramularia,s__Ramularia_pratensis
OTU.11,k__Fungi,p__Ascomycota,c__Dothideomycetes,o__Capnodiales,f__Mycosphaerellaceae,g__Septoria,s__Septoria_cretae
OTU.12,k__Fungi,p__Ascomycota,c__Dothideomycetes,o__Capnodiales,f__Mycosphaerellaceae,g__unidentified,s__unidentified
OTU.13,k__Fungi,p__Ascomycota,c__Dothideomycetes,o__Capnodiales,f__Neodevriesiaceae,g__Neodevriesia,s__Neodevriesia_imbrexigena
OTU.14,k__Fungi,p__Ascomycota,c__Dothideomycetes,o__Capnodiales,f__Teratosphaeriaceae,g__Devriesia,s__unidentified
OTU.15,k__Fungi,p__Ascomycota,c__Dothideomycetes,o__Capnodiales,f__unidentified,g__unidentified,s__unidentified
OTU.16,k__Fungi,p__Ascomycota,c__Dothideomycetes,o__Dothideales,NA,NA,NA
OTU.17,k__Fungi,p__Ascomycota,c__Dothideomycetes,o__Dothideales,f__Dothideaceae,g__unidentified,s__unidentified
OTU.18,k__Fungi,p__Ascomycota,c__Dothideomycetes,o__Dothideales,f__Dothioraceae,NA,NA
OTU.19,k__Fungi,p__Ascomycota,c__Dothideomycetes,o__Dothideales,f__unidentified,g__unidentified,s__unidentified
OTU.20,k__Fungi,p__Ascomycota,c__Dothideomycetes,o__Myriangiales,f__Myriangiaceae,g__Myriangium,s__unidentified
OTU.21,k__Fungi,p__Ascomycota,c__Dothideomycetes,o__Myriangiales,f__unidentified,g__unidentified,s__unidentified
OTU.22,k__Fungi,p__Ascomycota,c__Dothideomycetes,o__Pleosporales,NA,NA,NA
OTU.23,k__Fungi,p__Ascomycota,c__Dothideomycetes,o__Pleosporales,f__Dictyosporiaceae,NA,NA
OTU.24,k__Fungi,p__Ascomycota,c__Dothideomycetes,o__Pleosporales,f__Didymellaceae,g__Phoma,s__unidentified
OTU.25,k__Fungi,p__Ascomycota,c__Dothideomycetes,o__Pleosporales,f__Didymosphaeriaceae,g__Paraphaeosphaeria,s__Paraphaeosphaeria_pilleata
OTU.26,k__Fungi,p__Ascomycota,c__Dothideomycetes,o__Pleosporales,f__Lentitheciaceae,g__Lentithecium,s__Lentithecium_pseudoclioninum
OTU.27,k__Fungi,p__Ascomycota,c__Dothideomycetes,o__Pleosporales,f__Lophiostomataceae,g__Lophiostoma,s__unidentified
OTU.28,k__Fungi,p__Ascomycota,c__Dothideomycetes,o__Pleosporales,f__Melanommataceae,g__Herpotrichia,s__Herpotrichia_parasitica
OTU.29,k__Fungi,p__Ascomycota,c__Dothideomycetes,o__Pleosporales,f__Morosphaeriaceae,g__Clypeoloculus,s__Clypeoloculus_towadaensis
OTU.30,k__Fungi,p__Ascomycota,c__Dothideomycetes,o__Pleosporales,f__Periconiaceae,g__Periconia,s__Periconia_byssoides
OTU.31,k__Fungi,p__Ascomycota,c__Dothideomycetes,o__Pleosporales,f__Phaeosphaeriaceae,g__Phaeosphaeria,s__Phaeosphaeria_caricicola
OTU.32,k__Fungi,p__Ascomycota,c__Dothideomycetes,o__Pleosporales,f__Pleomassariaceae,g__unidentified,s__unidentified
OTU.33,k__Fungi,p__Ascomycota,c__Dothideomycetes,o__Pleosporales,f__Pleosporaceae,g__Alternaria,NA
OTU.34,k__Fungi,p__Ascomycota,c__Dothideomycetes,o__Pleosporales,f__Pleosporaceae,g__Alternaria,s__Alternaria_metachromatica
OTU.35,k__Fungi,p__Ascomycota,c__Dothideomycetes,o__Pleosporales,f__Pleosporaceae,g__Alternaria,s__unidentified
OTU.36,k__Fungi,p__Ascomycota,c__Dothideomycetes,o__Pleosporales,f__Pleosporaceae,g__Pleospora,s__unidentified
OTU.37,k__Fungi,p__Ascomycota,c__Dothideomycetes,o__Pleosporales,f__unidentified,g__unidentified,s__unidentified
OTU.38,k__Fungi,p__Ascomycota,c__Dothideomycetes,o__Venturiales,f__Sympoventuriaceae,g__Scolecobasidium,s__unidentified
OTU.39,k__Fungi,p__Ascomycota,c__Dothideomycetes,o__unidentified,f__unidentified,g__unidentified,s__unidentified
OTU.40,k__Fungi,p__Ascomycota,c__Eurotiomycetes,o__Chaetothyriales,NA,NA,NA
OTU.41,k__Fungi,p__Ascomycota,c__Eurotiomycetes,o__Chaetothyriales,f__Herpotrichiellaceae,NA,NA
OTU.42,k__Fungi,p__Ascomycota,c__Eurotiomycetes,o__Chaetothyriales,f__Herpotrichiellaceae,g__Capronia,s__Capronia_pilosella
OTU.43,k__Fungi,p__Ascomycota,c__Eurotiomycetes,o__Chaetothyriales,f__Herpotrichiellaceae,g__Capronia,s__unidentified
OTU.44,k__Fungi,p__Ascomycota,c__Eurotiomycetes,o__Chaetothyriales,f__Herpotrichiellaceae,g__Cladophialophora,s__unidentified
OTU.45,k__Fungi,p__Ascomycota,c__Eurotiomycetes,o__Chaetothyriales,f__Herpotrichiellaceae,g__Exophiala,NA
OTU.46,k__Fungi,p__Ascomycota,c__Eurotiomycetes,o__Chaetothyriales,f__Herpotrichiellaceae,g__Rhinocladiella,s__unidentified
OTU.47,k__Fungi,p__Ascomycota,c__Eurotiomycetes,o__Chaetothyriales,f__Herpotrichiellaceae,g__Veronaea,s__Veronaea_compacta
OTU.48,k__Fungi,p__Ascomycota,c__Eurotiomycetes,o__Chaetothyriales,f__Herpotrichiellaceae,g__unidentified,s__unidentified
OTU.49,k__Fungi,p__Ascomycota,c__Eurotiomycetes,o__Chaetothyriales,f__unidentified,g__unidentified,s__unidentified
OTU.50,k__Fungi,p__Ascomycota,c__Eurotiomycetes,o__Eurotiales,NA,NA,NA
OTU.51,k__Fungi,p__Ascomycota,c__Eurotiomycetes,o__Eurotiales,f__Aspergillaceae,g__Penicillium,NA
OTU.52,k__Fungi,p__Ascomycota,c__Eurotiomycetes,o__Eurotiales,f__Aspergillaceae,g__Penicillium,s__Penicillium_chrysogenum
OTU.53,k__Fungi,p__Ascomycota,c__Eurotiomycetes,o__Eurotiales,f__Aspergillaceae,g__Penicillium,s__Penicillium_herquei
OTU.54,k__Fungi,p__Ascomycota,c__Eurotiomycetes,o__Eurotiales,f__Aspergillaceae,g__Penicillium,s__unidentified
OTU.55,k__Fungi,p__Ascomycota,c__Eurotiomycetes,o__Verrucariales,f__Verrucariaceae,g__Hydropunctaria,s__Hydropunctaria_rheitrophila
OTU.56,k__Fungi,p__Ascomycota,c__Eurotiomycetes,o__Verrucariales,f__Verrucariaceae,g__Verrucaria,s__Verrucaria_elaeomelaena
OTU.57,k__Fungi,p__Ascomycota,c__Lecanoromycetes,o__Lecanorales,f__Cladoniaceae,g__Cladonia,s__Cladonia_atlantica
OTU.58,k__Fungi,p__Ascomycota,c__Lecanoromycetes,o__Lecanorales,f__Parmeliaceae,g__Evernia,s__Evernia_prunastri
OTU.59,k__Fungi,p__Ascomycota,c__Lecanoromycetes,o__Lecanorales,f__Parmeliaceae,g__Melanohalea,s__Melanohalea_exasperata
OTU.60,k__Fungi,p__Ascomycota,c__Lecanoromycetes,o__Lecanorales,f__Parmeliaceae,g__Parmelia,s__Parmelia_squarrosa
OTU.61,k__Fungi,p__Ascomycota,c__Lecanoromycetes,o__Lecanorales,f__Ramalinaceae,g__unidentified,s__unidentified
OTU.62,k__Fungi,p__Ascomycota,c__Lecanoromycetes,o__Peltigerales,f__Nephromataceae,g__Nephroma,s__Nephroma_bellum
OTU.63,k__Fungi,p__Ascomycota,c__Leotiomycetes,o__Erysiphales,f__Erysiphaceae,g__Podosphaera,s__Podosphaera_pannosa
OTU.64,k__Fungi,p__Ascomycota,c__Leotiomycetes,o__Helotiales,NA,NA,NA
OTU.65,k__Fungi,p__Ascomycota,c__Leotiomycetes,o__Helotiales,f__Dermateaceae,NA,NA
OTU.66,k__Fungi,p__Ascomycota,c__Leotiomycetes,o__Helotiales,f__Dermateaceae,g__Mollisia,s__unidentified
OTU.67,k__Fungi,p__Ascomycota,c__Leotiomycetes,o__Helotiales,f__Dermateaceae,g__Pezicula,NA
OTU.68,k__Fungi,p__Ascomycota,c__Leotiomycetes,o__Helotiales,f__Dermateaceae,g__unidentified,s__unidentified
OTU.69,k__Fungi,p__Ascomycota,c__Leotiomycetes,o__Helotiales,f__Helotiaceae,g__Anguillospora,s__Anguillospora_crassa
OTU.70,k__Fungi,p__Ascomycota,c__Leotiomycetes,o__Helotiales,f__Helotiaceae,g__Articulospora,s__Articulospora_proliferata
OTU.71,k__Fungi,p__Ascomycota,c__Leotiomycetes,o__Helotiales,f__Helotiaceae,g__Ascocoryne,s__Ascocoryne_sarcoides
OTU.72,k__Fungi,p__Ascomycota,c__Leotiomycetes,o__Helotiales,f__Helotiaceae,g__Claussenomyces,s__unidentified
OTU.73,k__Fungi,p__Ascomycota,c__Leotiomycetes,o__Helotiales,f__Helotiaceae,g__Culicidospora,s__unidentified
OTU.74,k__Fungi,p__Ascomycota,c__Leotiomycetes,o__Helotiales,f__Helotiaceae,g__Filosporella,s__Filosporella_fistucella
OTU.75,k__Fungi,p__Ascomycota,c__Leotiomycetes,o__Helotiales,f__Helotiaceae,g__Scytalidium,NA
OTU.76,k__Fungi,p__Ascomycota,c__Leotiomycetes,o__Helotiales,f__Helotiales_fam_Incertae_sedis,NA,NA
OTU.77,k__Fungi,p__Ascomycota,c__Leotiomycetes,o__Helotiales,f__Helotiales_fam_Incertae_sedis,g__Chalara,s__Chalara_piceae-abietis
OTU.78,k__Fungi,p__Ascomycota,c__Leotiomycetes,o__Helotiales,f__Helotiales_fam_Incertae_sedis,g__Chalara,s__Chalara_pseudoaffinis
OTU.79,k__Fungi,p__Ascomycota,c__Leotiomycetes,o__Helotiales,f__Helotiales_fam_Incertae_sedis,g__Mycoarthris,s__unidentified
OTU.80,k__Fungi,p__Ascomycota,c__Leotiomycetes,o__Helotiales,f__Helotiales_fam_Incertae_sedis,g__Spirosphaera,s__Spirosphaera_cupreorufescens
OTU.81,k__Fungi,p__Ascomycota,c__Leotiomycetes,o__Helotiales,f__Helotiales_fam_Incertae_sedis,g__Xenopolyscytalum,s__unidentified
OTU.82,k__Fungi,p__Ascomycota,c__Leotiomycetes,o__Helotiales,f__Hyaloscyphaceae,NA,NA
OTU.83,k__Fungi,p__Ascomycota,c__Leotiomycetes,o__Helotiales,f__Hyaloscyphaceae,g__Gyoerffyella,s__unidentified
OTU.84,k__Fungi,p__Ascomycota,c__Leotiomycetes,o__Helotiales,f__Hyaloscyphaceae,g__Lachnellula,s__Lachnellula_calyciformis
OTU.85,k__Fungi,p__Ascomycota,c__Leotiomycetes,o__Helotiales,f__Hyaloscyphaceae,g__Lachnum,NA
OTU.86,k__Fungi,p__Ascomycota,c__Leotiomycetes,o__Helotiales,f__Hyaloscyphaceae,g__Lachnum,s__Lachnum_pudibundum
OTU.87,k__Fungi,p__Ascomycota,c__Leotiomycetes,o__Helotiales,f__Hyaloscyphaceae,g__Tetrachaetum,s__Tetrachaetum_elegans
OTU.88,k__Fungi,p__Ascomycota,c__Leotiomycetes,o__Helotiales,f__Hyaloscyphaceae,g__unidentified,s__unidentified
OTU.89,k__Fungi,p__Ascomycota,c__Leotiomycetes,o__Helotiales,f__Leotiaceae,g__Alatospora,s__Alatospora_pulchella
OTU.90,k__Fungi,p__Ascomycota,c__Leotiomycetes,o__Helotiales,f__Leotiaceae,g__Gorgomyces,s__unidentified
OTU.91,k__Fungi,p__Ascomycota,c__Leotiomycetes,o__Helotiales,f__Leotiaceae,g__Neobulgaria,s__unidentified
OTU.92,k__Fungi,p__Ascomycota,c__Leotiomycetes,o__Helotiales,f__Myxotrichaceae,g__Oidiodendron,s__unidentified
OTU.93,k__Fungi,p__Ascomycota,c__Leotiomycetes,o__Helotiales,f__Rutstroemiaceae,g__Lambertella,s__unidentified
OTU.94,k__Fungi,p__Ascomycota,c__Leotiomycetes,o__Helotiales,f__Sclerotiniaceae,g__Botrytis,s__Botrytis_cinerea
OTU.95,k__Fungi,p__Ascomycota,c__Leotiomycetes,o__Helotiales,f__Vibrisseaceae,g__Vibrissea,s__Vibrissea_flavovirens
OTU.96,k__Fungi,p__Ascomycota,c__Leotiomycetes,o__Helotiales,f__unidentified,g__unidentified,s__unidentified
OTU.97,k__Fungi,p__Ascomycota,c__Leotiomycetes,o__Thelebolales,f__Pseudeurotiaceae,g__Pseudogymnoascus,s__Pseudogymnoascus_roseus
OTU.98,k__Fungi,p__Ascomycota,c__Leotiomycetes,o__Thelebolales,f__Pseudeurotiaceae,g__unidentified,s__unidentified
OTU.99,k__Fungi,p__Ascomycota,c__Orbiliomycetes,o__Orbiliales,f__Orbiliaceae,g__Retiarius,s__unidentified
OTU.100,k__Fungi,p__Ascomycota,c__Pezizomycetes,o__Pezizales,f__Pezizaceae,g__Peziza,s__Peziza_limnaea
OTU.101,k__Fungi,p__Ascomycota,c__Pezizomycetes,o__Pezizales,f__Pyronemataceae,NA,NA
OTU.102,k__Fungi,p__Ascomycota,c__Pezizomycetes,o__Pezizales,f__Pyronemataceae,g__Scutellinia,NA
OTU.103,k__Fungi,p__Ascomycota,c__Pezizomycetes,o__Pezizales,f__Sarcoscyphaceae,g__Sarcoscypha,s__Sarcoscypha_austriaca
OTU.104,k__Fungi,p__Ascomycota,c__Pezizomycotina_cls_Incertae_sedis,o__Pezizomycotina_ord_Incertae_sedis,f__Pezizomycotina_fam_Incertae_sedis,g__Triscelophorus,s__Triscelophorus_monosporus
OTU.105,k__Fungi,p__Ascomycota,c__Saccharomycetes,o__Saccharomycetales,f__Debaryomycetaceae,g__Babjeviella,s__Babjeviella_inositovora
OTU.106,k__Fungi,p__Ascomycota,c__Saccharomycetes,o__Saccharomycetales,f__Debaryomycetaceae,g__Schwanniomyces,NA
OTU.107,k__Fungi,p__Ascomycota,c__Saccharomycetes,o__Saccharomycetales,f__Saccharomycetaceae,g__Lachancea,s__Lachancea_dasiensis
OTU.108,k__Fungi,p__Ascomycota,c__Saccharomycetes,o__Saccharomycetales,f__Saccharomycetaceae,g__Lachancea,s__Lachancea_lanzarotensis
OTU.109,k__Fungi,p__Ascomycota,c__Saccharomycetes,o__Saccharomycetales,f__Saccharomycetaceae,g__Zygosaccharomyces,s__Zygosaccharomyces_rouxii
OTU.110,k__Fungi,p__Ascomycota,c__Saccharomycetes,o__Saccharomycetales,f__Saccharomycetaceae,g__unidentified,s__unidentified
OTU.111,k__Fungi,p__Ascomycota,c__Sordariomycetes,o__Chaetosphaeriales,f__Chaetosphaeriaceae,g__Chloridium,s__unidentified
OTU.112,k__Fungi,p__Ascomycota,c__Sordariomycetes,o__Diaporthales,f__Diaporthaceae,g__Diaporthe,Other
OTU.113,k__Fungi,p__Ascomycota,c__Sordariomycetes,o__Diaporthales,f__Diaporthaceae,g__Diaporthe,s__unidentified
OTU.114,k__Fungi,p__Ascomycota,c__Sordariomycetes,o__Diaporthales,f__Gnomoniaceae,Other,NA
OTU.115,k__Fungi,p__Ascomycota,c__Sordariomycetes,o__Diaporthales,f__Gnomoniaceae,g__Ophiognomonia,s__Ophiognomonia_clavigignenti-juglandacearum
OTU.116,k__Fungi,p__Ascomycota,c__Sordariomycetes,o__Diaporthales,f__Gnomoniaceae,g__unidentified,s__unidentified
OTU.117,k__Fungi,p__Ascomycota,c__Sordariomycetes,o__Glomerellales,f__Glomerellaceae,g__Colletotrichum,NA
OTU.118,k__Fungi,p__Ascomycota,c__Sordariomycetes,o__Glomerellales,f__Glomerellaceae,g__Colletotrichum,s__Colletotrichum_acerbum
OTU.119,k__Fungi,p__Ascomycota,c__Sordariomycetes,o__Glomerellales,f__Glomerellaceae,g__Colletotrichum,s__Colletotrichum_xanthorrhoeae
OTU.120,k__Fungi,p__Ascomycota,c__Sordariomycetes,o__Glomerellales,f__Plectosphaerellaceae,g__Verticillium,s__Verticillium_dahliae
OTU.121,k__Fungi,p__Ascomycota,c__Sordariomycetes,o__Hypocreales,NA,NA,NA
OTU.122,k__Fungi,p__Ascomycota,c__Sordariomycetes,o__Hypocreales,f__Bionectriaceae,g__Clonostachys,s__Clonostachys_rosea
OTU.123,k__Fungi,p__Ascomycota,c__Sordariomycetes,o__Hypocreales,f__Bionectriaceae,g__unidentified,s__unidentified
OTU.124,k__Fungi,p__Ascomycota,c__Sordariomycetes,o__Hypocreales,f__Clavicipitaceae,g__unidentified,s__unidentified
OTU.125,k__Fungi,p__Ascomycota,c__Sordariomycetes,o__Hypocreales,f__Cordycipitaceae,NA,NA
OTU.126,k__Fungi,p__Ascomycota,c__Sordariomycetes,o__Hypocreales,f__Cordycipitaceae,g__unidentified,s__unidentified
OTU.127,k__Fungi,p__Ascomycota,c__Sordariomycetes,o__Hypocreales,f__Hypocreaceae,g__Trichoderma,NA
OTU.128,k__Fungi,p__Ascomycota,c__Sordariomycetes,o__Hypocreales,f__Hypocreaceae,g__Trichoderma,s__Trichoderma_asperellum
OTU.129,k__Fungi,p__Ascomycota,c__Sordariomycetes,o__Hypocreales,f__Hypocreaceae,g__Trichoderma,s__Trichoderma_atroviride
OTU.130,k__Fungi,p__Ascomycota,c__Sordariomycetes,o__Hypocreales,f__Hypocreaceae,g__Trichoderma,s__Trichoderma_longibrachiatum
OTU.131,k__Fungi,p__Ascomycota,c__Sordariomycetes,o__Hypocreales,f__Hypocreaceae,g__Trichoderma,s__unidentified
OTU.132,k__Fungi,p__Ascomycota,c__Sordariomycetes,o__Hypocreales,f__Hypocreales_fam_Incertae_sedis,g__Acremonium,s__Acremonium_charticola
OTU.133,k__Fungi,p__Ascomycota,c__Sordariomycetes,o__Hypocreales,f__Hypocreales_fam_Incertae_sedis,g__Acremonium,s__Acremonium_exuviarum
OTU.134,k__Fungi,p__Ascomycota,c__Sordariomycetes,o__Hypocreales,f__Hypocreales_fam_Incertae_sedis,g__Acremonium,s__unidentified
OTU.135,k__Fungi,p__Ascomycota,c__Sordariomycetes,o__Hypocreales,f__Hypocreales_fam_Incertae_sedis,g__Sarocladium,s__Sarocladium_implicatum
OTU.136,k__Fungi,p__Ascomycota,c__Sordariomycetes,o__Hypocreales,f__Hypocreales_fam_Incertae_sedis,g__Sarocladium,s__Sarocladium_strictum
OTU.137,k__Fungi,p__Ascomycota,c__Sordariomycetes,o__Hypocreales,f__Hypocreales_fam_Incertae_sedis,g__Stilbella,s__Stilbella_byssiseda
OTU.138,k__Fungi,p__Ascomycota,c__Sordariomycetes,o__Hypocreales,f__Nectriaceae,NA,NA
OTU.139,k__Fungi,p__Ascomycota,c__Sordariomycetes,o__Hypocreales,f__Nectriaceae,g__Campylospora,s__unidentified
OTU.140,k__Fungi,p__Ascomycota,c__Sordariomycetes,o__Hypocreales,f__Nectriaceae,g__Fusarium,s__Fusarium_culmorum
OTU.141,k__Fungi,p__Ascomycota,c__Sordariomycetes,o__Hypocreales,f__Nectriaceae,g__Ilyonectria,s__Ilyonectria_destructans
OTU.142,k__Fungi,p__Ascomycota,c__Sordariomycetes,o__Hypocreales,f__Nectriaceae,g__Stylonectria,s__Stylonectria_norvegica
OTU.143,k__Fungi,p__Ascomycota,c__Sordariomycetes,o__Hypocreales,f__Nectriaceae,g__unidentified,s__unidentified
OTU.144,k__Fungi,p__Ascomycota,c__Sordariomycetes,o__Hypocreales,f__Ophiocordycipitaceae,g__Tolypocladium,NA
OTU.145,k__Fungi,p__Ascomycota,c__Sordariomycetes,o__Hypocreales,f__Ophiocordycipitaceae,g__Tolypocladium,s__Tolypocladium_pustulatum
OTU.146,k__Fungi,p__Ascomycota,c__Sordariomycetes,o__Hypocreales,f__unidentified,g__unidentified,s__unidentified
OTU.147,k__Fungi,p__Ascomycota,c__Sordariomycetes,o__Microascales,NA,NA,NA
OTU.148,k__Fungi,p__Ascomycota,c__Sordariomycetes,o__Microascales,f__Halosphaeriaceae,g__Clavatospora,s__Clavatospora_longibrachiata
OTU.149,k__Fungi,p__Ascomycota,c__Sordariomycetes,o__Microascales,f__unidentified,g__unidentified,s__unidentified
OTU.150,k__Fungi,p__Ascomycota,c__Sordariomycetes,o__Sordariales,NA,NA,NA
OTU.151,k__Fungi,p__Ascomycota,c__Sordariomycetes,o__Sordariales,f__Chaetomiaceae,g__Humicola,s__Humicola_nigrescens
OTU.152,k__Fungi,p__Ascomycota,c__Sordariomycetes,o__Sordariales,f__Sordariales_fam_Incertae_sedis,g__Lunulospora,s__Lunulospora_curvula
OTU.153,k__Fungi,p__Ascomycota,c__Sordariomycetes,o__Sordariales,f__unidentified,g__unidentified,s__unidentified
OTU.154,k__Fungi,p__Ascomycota,c__Sordariomycetes,o__Trichosphaeriales,f__Trichosphaeriaceae,g__Nigrospora,s__Nigrospora_oryzae
OTU.155,k__Fungi,p__Ascomycota,c__Sordariomycetes,o__Xylariales,NA,NA,NA
OTU.156,k__Fungi,p__Ascomycota,c__Sordariomycetes,o__Xylariales,f__Amphisphaeriaceae,g__Discostroma,s__unidentified
OTU.157,k__Fungi,p__Ascomycota,c__Sordariomycetes,o__Xylariales,f__Sporocadaceae,g__Pestalotiopsis,NA
OTU.158,k__Fungi,p__Ascomycota,c__Sordariomycetes,o__Xylariales,f__Xylariaceae,NA,NA
OTU.159,k__Fungi,p__Ascomycota,c__Sordariomycetes,o__Xylariales,f__Xylariaceae,g__Hypoxylon,s__Hypoxylon_fuscum
OTU.160,k__Fungi,p__Ascomycota,c__Sordariomycetes,o__Xylariales,f__Xylariaceae,g__Xylaria,s__Xylaria_bambusicola
OTU.161,k__Fungi,p__Ascomycota,c__Sordariomycetes,o__Xylariales,f__Xylariales_fam_Incertae_sedis,g__Phialemoniopsis,s__unidentified
OTU.162,k__Fungi,p__Ascomycota,c__Sordariomycetes,o__Xylariales,f__Xylariales_fam_Incertae_sedis,g__Phlogicylindrium,s__Phlogicylindrium_eucalypti
OTU.163,k__Fungi,p__Ascomycota,c__Sordariomycetes,o__Xylariales,f__Xylariales_fam_Incertae_sedis,g__Robillarda,s__Robillarda_sessilis
OTU.164,k__Fungi,p__Ascomycota,c__Sordariomycetes,o__Xylariales,f__unidentified,g__unidentified,s__unidentified
OTU.165,k__Fungi,p__Ascomycota,c__Sordariomycetes,o__unidentified,f__unidentified,g__unidentified,s__unidentified
OTU.166,k__Fungi,p__Ascomycota,c__Taphrinomycetes,o__Taphrinales,f__Taphrinaceae,g__Taphrina,NA
OTU.167,k__Fungi,p__Ascomycota,c__Taphrinomycetes,o__Taphrinales,f__Taphrinaceae,g__Taphrina,s__Taphrina_carpini
OTU.168,k__Fungi,p__Ascomycota,c__Taphrinomycetes,o__Taphrinales,f__Taphrinaceae,g__Taphrina,s__Taphrina_dearnessii
OTU.169,k__Fungi,p__Ascomycota,c__Taphrinomycetes,o__Taphrinales,f__Taphrinaceae,g__Taphrina,s__Taphrina_flavorubra
OTU.170,k__Fungi,p__Ascomycota,c__Taphrinomycetes,o__Taphrinales,f__Taphrinaceae,g__Taphrina,s__Taphrina_inositophila
OTU.171,k__Fungi,p__Ascomycota,c__Taphrinomycetes,o__Taphrinales,f__Taphrinaceae,g__Taphrina,s__Taphrina_populi-salicis
OTU.172,k__Fungi,p__Ascomycota,c__Taphrinomycetes,o__Taphrinales,f__Taphrinaceae,g__Taphrina,s__Taphrina_robinsoniana
OTU.173,k__Fungi,p__Ascomycota,c__Taphrinomycetes,o__Taphrinales,f__Taphrinaceae,g__Taphrina,s__Taphrina_sacchari
OTU.174,k__Fungi,p__Ascomycota,c__Taphrinomycetes,o__Taphrinales,f__Taphrinaceae,g__Taphrina,s__Taphrina_vestergrenii
OTU.175,k__Fungi,p__Ascomycota,c__Taphrinomycetes,o__Taphrinales,f__Taphrinaceae,g__Taphrina,s__Taphrina_wiesneri
OTU.176,k__Fungi,p__Ascomycota,c__unidentified,o__unidentified,f__unidentified,g__unidentified,s__unidentified
OTU.177,k__Fungi,p__Basidiomycota,c__Agaricomycetes,NA,NA,NA,NA
OTU.178,k__Fungi,p__Basidiomycota,c__Agaricomycetes,o__Agaricales,NA,NA,NA
OTU.179,k__Fungi,p__Basidiomycota,c__Agaricomycetes,o__Agaricales,f__Agaricaceae,g__Chlorophyllum,NA
OTU.180,k__Fungi,p__Basidiomycota,c__Agaricomycetes,o__Agaricales,f__Agaricaceae,g__Chlorophyllum,s__Chlorophyllum_olivieri
OTU.181,k__Fungi,p__Basidiomycota,c__Agaricomycetes,o__Agaricales,f__Agaricaceae,g__Lepiota,s__Lepiota_neophana
OTU.182,k__Fungi,p__Basidiomycota,c__Agaricomycetes,o__Agaricales,f__Agaricaceae,g__Leucoagaricus,s__unidentified
OTU.183,k__Fungi,p__Basidiomycota,c__Agaricomycetes,o__Agaricales,f__Bolbitiaceae,g__Agrocybe,s__Agrocybe_praecox
OTU.184,k__Fungi,p__Basidiomycota,c__Agaricomycetes,o__Agaricales,f__Bolbitiaceae,g__Conocybe,s__Conocybe_pubescens
OTU.185,k__Fungi,p__Basidiomycota,c__Agaricomycetes,o__Agaricales,f__Bolbitiaceae,g__Panaeolus,s__Panaeolus_papilionaceus
OTU.186,k__Fungi,p__Basidiomycota,c__Agaricomycetes,o__Agaricales,f__Bolbitiaceae,g__Pholiotina,s__Pholiotina_mediterranea
OTU.187,k__Fungi,p__Basidiomycota,c__Agaricomycetes,o__Agaricales,f__Cortinariaceae,g__Cortinarius,NA
OTU.188,k__Fungi,p__Basidiomycota,c__Agaricomycetes,o__Agaricales,f__Cortinariaceae,g__Cortinarius,s__unidentified
OTU.189,k__Fungi,p__Basidiomycota,c__Agaricomycetes,o__Agaricales,f__Cortinariaceae,g__Gymnopilus,NA
OTU.190,k__Fungi,p__Basidiomycota,c__Agaricomycetes,o__Agaricales,f__Cortinariaceae,g__Hemistropharia,s__Hemistropharia_albocrenulata
OTU.191,k__Fungi,p__Basidiomycota,c__Agaricomycetes,o__Agaricales,f__Crepidotaceae,g__Crepidotus,s__Crepidotus_applanatus
OTU.192,k__Fungi,p__Basidiomycota,c__Agaricomycetes,o__Agaricales,f__Crepidotaceae,g__Crepidotus,s__Crepidotus_lundellii
OTU.193,k__Fungi,p__Basidiomycota,c__Agaricomycetes,o__Agaricales,f__Crepidotaceae,g__Crepidotus,s__Crepidotus_mollis
OTU.194,k__Fungi,p__Basidiomycota,c__Agaricomycetes,o__Agaricales,f__Cystostereaceae,g__unidentified,s__unidentified
OTU.195,k__Fungi,p__Basidiomycota,c__Agaricomycetes,o__Agaricales,f__Entolomataceae,g__Clitopilus,s__unidentified
OTU.196,k__Fungi,p__Basidiomycota,c__Agaricomycetes,o__Agaricales,f__Entolomataceae,g__Entoloma,NA
OTU.197,k__Fungi,p__Basidiomycota,c__Agaricomycetes,o__Agaricales,f__Hymenogastraceae,g__Hebeloma,s__Hebeloma_radicosum
OTU.198,k__Fungi,p__Basidiomycota,c__Agaricomycetes,o__Agaricales,f__Physalacriaceae,g__Armillaria,NA
OTU.199,k__Fungi,p__Basidiomycota,c__Agaricomycetes,o__Agaricales,f__Pluteaceae,g__Pluteus,s__Pluteus_cervinus
OTU.200,k__Fungi,p__Basidiomycota,c__Agaricomycetes,o__Agaricales,f__Pluteaceae,g__Pluteus,s__Pluteus_leoninus
OTU.201,k__Fungi,p__Basidiomycota,c__Agaricomycetes,o__Agaricales,f__Pluteaceae,g__Pluteus,s__Pluteus_satur
OTU.202,k__Fungi,p__Basidiomycota,c__Agaricomycetes,o__Agaricales,f__Pluteaceae,g__Pluteus,s__Pluteus_thomsonii
OTU.203,k__Fungi,p__Basidiomycota,c__Agaricomycetes,o__Agaricales,f__Psathyrellaceae,NA,NA
OTU.204,k__Fungi,p__Basidiomycota,c__Agaricomycetes,o__Agaricales,f__Psathyrellaceae,g__Coprinellus,NA
OTU.205,k__Fungi,p__Basidiomycota,c__Agaricomycetes,o__Agaricales,f__Psathyrellaceae,g__Coprinellus,s__Coprinellus_micaceus
OTU.206,k__Fungi,p__Basidiomycota,c__Agaricomycetes,o__Agaricales,f__Psathyrellaceae,g__Coprinopsis,NA
OTU.207,k__Fungi,p__Basidiomycota,c__Agaricomycetes,o__Agaricales,f__Psathyrellaceae,g__Coprinopsis,s__Coprinopsis_lagopus
OTU.208,k__Fungi,p__Basidiomycota,c__Agaricomycetes,o__Agaricales,f__Psathyrellaceae,g__Coprinopsis,s__Coprinopsis_stercorea
OTU.209,k__Fungi,p__Basidiomycota,c__Agaricomycetes,o__Agaricales,f__Psathyrellaceae,g__Lacrymaria,s__Lacrymaria_lacrymabunda
OTU.210,k__Fungi,p__Basidiomycota,c__Agaricomycetes,o__Agaricales,f__Psathyrellaceae,g__Psathyrella,NA
OTU.211,k__Fungi,p__Basidiomycota,c__Agaricomycetes,o__Agaricales,f__Psathyrellaceae,g__Psathyrella,s__Psathyrella_pygmaea
OTU.212,k__Fungi,p__Basidiomycota,c__Agaricomycetes,o__Agaricales,f__Psathyrellaceae,g__Psathyrella,s__unidentified
OTU.213,k__Fungi,p__Basidiomycota,c__Agaricomycetes,o__Agaricales,f__Pterulaceae,g__Aphanobasidium,s__Aphanobasidium_pseudotsugae
OTU.214,k__Fungi,p__Basidiomycota,c__Agaricomycetes,o__Agaricales,f__Strophariaceae,g__Hypholoma,NA
OTU.215,k__Fungi,p__Basidiomycota,c__Agaricomycetes,o__Agaricales,f__Strophariaceae,g__Hypholoma,s__Hypholoma_fasciculare
OTU.216,k__Fungi,p__Basidiomycota,c__Agaricomycetes,o__Agaricales,f__Strophariaceae,g__Kuehneromyces,s__Kuehneromyces_lignicola
OTU.217,k__Fungi,p__Basidiomycota,c__Agaricomycetes,o__Agaricales,f__Strophariaceae,g__Kuehneromyces,s__Kuehneromyces_mutabilis
OTU.218,k__Fungi,p__Basidiomycota,c__Agaricomycetes,o__Agaricales,f__Strophariaceae,g__Pholiota,NA
OTU.219,k__Fungi,p__Basidiomycota,c__Agaricomycetes,o__Agaricales,f__Strophariaceae,g__Psilocybe,s__Psilocybe_inquilina
OTU.220,k__Fungi,p__Basidiomycota,c__Agaricomycetes,o__Agaricales,f__Strophariaceae,g__Psilocybe,s__Psilocybe_semilanceata
OTU.221,k__Fungi,p__Basidiomycota,c__Agaricomycetes,o__Agaricales,f__Strophariaceae,g__Stropharia,s__Stropharia_pseudocyanea
OTU.222,k__Fungi,p__Basidiomycota,c__Agaricomycetes,o__Agaricales,f__Strophariaceae,g__Tubaria,NA
OTU.223,k__Fungi,p__Basidiomycota,c__Agaricomycetes,o__Agaricales,f__Tricholomataceae,g__Clitocybe,NA
OTU.224,k__Fungi,p__Basidiomycota,c__Agaricomycetes,o__Agaricales,f__Tricholomataceae,g__Clitocybe,s__Clitocybe_brunneocaperata
OTU.225,k__Fungi,p__Basidiomycota,c__Agaricomycetes,o__Agaricales,f__Tricholomataceae,g__Clitocybe,s__Clitocybe_nebularis
OTU.226,k__Fungi,p__Basidiomycota,c__Agaricomycetes,o__Agaricales,f__Tricholomataceae,g__Cystodermella,NA
OTU.227,k__Fungi,p__Basidiomycota,c__Agaricomycetes,o__Agaricales,f__Tricholomataceae,g__Melanoleuca,s__Melanoleuca_melaleuca
OTU.228,k__Fungi,p__Basidiomycota,c__Agaricomycetes,o__Agaricales,f__Tricholomataceae,g__Mycena,s__Mycena_speirea
OTU.229,k__Fungi,p__Basidiomycota,c__Agaricomycetes,o__Agaricales,f__Tricholomataceae,g__Paralepista,s__Paralepista_flaccida
OTU.230,k__Fungi,p__Basidiomycota,c__Agaricomycetes,o__Agaricales,f__unidentified,g__unidentified,s__unidentified
OTU.231,k__Fungi,p__Basidiomycota,c__Agaricomycetes,o__Auriculariales,f__Exidiaceae,g__Exidiopsis,s__Exidiopsis_plumbescens
OTU.232,k__Fungi,p__Basidiomycota,c__Agaricomycetes,o__Boletales,f__Coniophoraceae,g__Meruliporia,s__Meruliporia_incrassata
OTU.233,k__Fungi,p__Basidiomycota,c__Agaricomycetes,o__Boletales,f__Melanogastraceae,g__Alpova,s__Alpova_diplophloeus
OTU.234,k__Fungi,p__Basidiomycota,c__Agaricomycetes,o__Boletales,f__Melanogastraceae,g__Melanogaster,s__Melanogaster_macrosporus
OTU.235,k__Fungi,p__Basidiomycota,c__Agaricomycetes,o__Boletales,f__Rhizopogonaceae,g__Rhizopogon,NA
OTU.236,k__Fungi,p__Basidiomycota,c__Agaricomycetes,o__Boletales,f__Rhizopogonaceae,g__Rhizopogon,s__Rhizopogon_brunsii
OTU.237,k__Fungi,p__Basidiomycota,c__Agaricomycetes,o__Boletales,f__Rhizopogonaceae,g__Rhizopogon,s__Rhizopogon_vesiculosus
OTU.238,k__Fungi,p__Basidiomycota,c__Agaricomycetes,o__Boletales,f__Rhizopogonaceae,g__Rhizopogon,s__unidentified
OTU.239,k__Fungi,p__Basidiomycota,c__Agaricomycetes,o__Boletales,f__Sclerodermataceae,g__Scleroderma,s__unidentified
OTU.240,k__Fungi,p__Basidiomycota,c__Agaricomycetes,o__Boletales,f__Suillaceae,g__Suillus,NA
OTU.241,k__Fungi,p__Basidiomycota,c__Agaricomycetes,o__Boletales,f__Tapinellaceae,g__Tapinella,s__Tapinella_atrotomentosa
OTU.242,k__Fungi,p__Basidiomycota,c__Agaricomycetes,o__Boletales,f__Tapinellaceae,g__Tapinella,s__Tapinella_panuoides
OTU.243,k__Fungi,p__Basidiomycota,c__Agaricomycetes,o__Cantharellales,f__Botryobasidiaceae,g__Botryobasidium,s__Botryobasidium_candicans
OTU.244,k__Fungi,p__Basidiomycota,c__Agaricomycetes,o__Cantharellales,f__Cantharellales_fam_Incertae_sedis,g__Sistotrema,s__Sistotrema_oblongisporum
OTU.245,k__Fungi,p__Basidiomycota,c__Agaricomycetes,o__Cantharellales,f__Cantharellales_fam_Incertae_sedis,g__Sistotrema,s__unidentified
OTU.246,k__Fungi,p__Basidiomycota,c__Agaricomycetes,o__Cantharellales,f__Ceratobasidiaceae,g__Ceratobasidium,s__unidentified
OTU.247,k__Fungi,p__Basidiomycota,c__Agaricomycetes,o__Cantharellales,f__Ceratobasidiaceae,g__unidentified,s__unidentified
OTU.248,k__Fungi,p__Basidiomycota,c__Agaricomycetes,o__Geastrales,f__Geastraceae,g__Geastrum,s__Geastrum_triplex
OTU.249,k__Fungi,p__Basidiomycota,c__Agaricomycetes,o__Gomphales,NA,NA,NA
OTU.250,k__Fungi,p__Basidiomycota,c__Agaricomycetes,o__Gomphales,f__Gomphaceae,g__Ramaria,s__unidentified
OTU.251,k__Fungi,p__Basidiomycota,c__Agaricomycetes,o__Hymenochaetales,f__Hymenochaetaceae,g__unidentified,s__unidentified
OTU.252,k__Fungi,p__Basidiomycota,c__Agaricomycetes,o__Hymenochaetales,f__Hymenochaetales_fam_Incertae_sedis,g__Peniophorella,s__Peniophorella_pubera
OTU.253,k__Fungi,p__Basidiomycota,c__Agaricomycetes,o__Hymenochaetales,f__Schizoporaceae,g__Hyphodontia,s__Hyphodontia_arguta
OTU.254,k__Fungi,p__Basidiomycota,c__Agaricomycetes,o__Hymenochaetales,f__Schizoporaceae,g__Hyphodontia,s__Hyphodontia_pallidula
OTU.255,k__Fungi,p__Basidiomycota,c__Agaricomycetes,o__Hymenochaetales,f__Schizoporaceae,g__Xylodon,s__Xylodon_sambuci
OTU.256,k__Fungi,p__Basidiomycota,c__Agaricomycetes,o__Polyporales,f__Coriolaceae,g__Trametes,s__Trametes_versicolor
OTU.257,k__Fungi,p__Basidiomycota,c__Agaricomycetes,o__Polyporales,f__Fomitopsidaceae,g__Cinereomyces,s__Cinereomyces_lindbladii
OTU.258,k__Fungi,p__Basidiomycota,c__Agaricomycetes,o__Polyporales,f__Fomitopsidaceae,g__Dacryobolus,s__Dacryobolus_sudans
OTU.259,k__Fungi,p__Basidiomycota,c__Agaricomycetes,o__Polyporales,f__Fomitopsidaceae,g__Fomitopsis,s__Fomitopsis_pinicola
OTU.260,k__Fungi,p__Basidiomycota,c__Agaricomycetes,o__Polyporales,f__Fomitopsidaceae,g__Gelatoporia,s__Gelatoporia_subvermispora
OTU.261,k__Fungi,p__Basidiomycota,c__Agaricomycetes,o__Polyporales,f__Fomitopsidaceae,g__Laetiporus,s__Laetiporus_sulphureus
OTU.262,k__Fungi,p__Basidiomycota,c__Agaricomycetes,o__Polyporales,f__Fomitopsidaceae,g__Piptoporus,s__Piptoporus_betulinus
OTU.263,k__Fungi,p__Basidiomycota,c__Agaricomycetes,o__Polyporales,f__Fomitopsidaceae,g__Postia,NA
OTU.264,k__Fungi,p__Basidiomycota,c__Agaricomycetes,o__Polyporales,f__Fomitopsidaceae,g__unidentified,s__unidentified
OTU.265,k__Fungi,p__Basidiomycota,c__Agaricomycetes,o__Polyporales,f__Ganodermataceae,Other,NA
OTU.266,k__Fungi,p__Basidiomycota,c__Agaricomycetes,o__Polyporales,f__Ganodermataceae,g__Amauroderma,s__Amauroderma_schomburgkii
OTU.267,k__Fungi,p__Basidiomycota,c__Agaricomycetes,o__Polyporales,f__Ganodermataceae,g__Ganoderma,NA
OTU.268,k__Fungi,p__Basidiomycota,c__Agaricomycetes,o__Polyporales,f__Ganodermataceae,g__Ganoderma,s__Ganoderma_cupreum
OTU.269,k__Fungi,p__Basidiomycota,c__Agaricomycetes,o__Polyporales,f__Ganodermataceae,g__Ganoderma,s__unidentified
OTU.270,k__Fungi,p__Basidiomycota,c__Agaricomycetes,o__Polyporales,f__Ganodermataceae,g__Perenniporia,s__Perenniporia_subacida
OTU.271,k__Fungi,p__Basidiomycota,c__Agaricomycetes,o__Polyporales,f__Ganodermataceae,g__unidentified,s__unidentified
OTU.272,k__Fungi,p__Basidiomycota,c__Agaricomycetes,o__Polyporales,f__Meripilaceae,g__Rigidoporus,s__Rigidoporus_sanguinolentus
OTU.273,k__Fungi,p__Basidiomycota,c__Agaricomycetes,o__Polyporales,f__Meripilaceae,g__unidentified,s__unidentified
OTU.274,k__Fungi,p__Basidiomycota,c__Agaricomycetes,o__Polyporales,f__Meruliaceae,g__Irpex,s__Irpex_lacteus
OTU.275,k__Fungi,p__Basidiomycota,c__Agaricomycetes,o__Polyporales,f__Meruliaceae,g__Mycoacia,s__Mycoacia_fuscoatra
OTU.276,k__Fungi,p__Basidiomycota,c__Agaricomycetes,o__Polyporales,f__Meruliaceae,g__Phanerochaete,NA
OTU.277,k__Fungi,p__Basidiomycota,c__Agaricomycetes,o__Polyporales,f__Meruliaceae,g__Phanerochaete,s__Phanerochaete_sordida
OTU.278,k__Fungi,p__Basidiomycota,c__Agaricomycetes,o__Polyporales,f__Meruliaceae,g__Phlebia,NA
OTU.279,k__Fungi,p__Basidiomycota,c__Agaricomycetes,o__Polyporales,f__Meruliaceae,g__Phlebia,s__Phlebia_radiata
OTU.280,k__Fungi,p__Basidiomycota,c__Agaricomycetes,o__Polyporales,f__Meruliaceae,g__Phlebia,s__Phlebia_tremellosa
OTU.281,k__Fungi,p__Basidiomycota,c__Agaricomycetes,o__Polyporales,f__Meruliaceae,g__Scopuloides,s__Scopuloides_hydnoides
OTU.282,k__Fungi,p__Basidiomycota,c__Agaricomycetes,o__Polyporales,f__Podoscyphaceae,g__Abortiporus,s__Abortiporus_biennis
OTU.283,k__Fungi,p__Basidiomycota,c__Agaricomycetes,o__Polyporales,f__Polyporaceae,g__Rhodonia,s__Rhodonia_placenta
OTU.284,k__Fungi,p__Basidiomycota,c__Agaricomycetes,o__Polyporales,f__Steccherinaceae,g__Junghuhnia,s__Junghuhnia_lacera
OTU.285,k__Fungi,p__Basidiomycota,c__Agaricomycetes,o__Polyporales,f__Steccherinaceae,g__Steccherinum,s__Steccherinum_bourdotii
OTU.286,k__Fungi,p__Basidiomycota,c__Agaricomycetes,o__Polyporales,f__Xenasmataceae,g__Xenasma,s__Xenasma_tulasnelloideum
OTU.287,k__Fungi,p__Basidiomycota,c__Agaricomycetes,o__Polyporales,f__unidentified,g__unidentified,s__unidentified
OTU.288,k__Fungi,p__Basidiomycota,c__Agaricomycetes,o__Russulales,f__Albatrellaceae,g__Leucogaster,s__unidentified
OTU.289,k__Fungi,p__Basidiomycota,c__Agaricomycetes,o__Russulales,f__Lachnocladiaceae,g__Dichostereum,s__unidentified
OTU.290,k__Fungi,p__Basidiomycota,c__Agaricomycetes,o__Russulales,f__Peniophoraceae,g__Peniophora,s__unidentified
OTU.291,k__Fungi,p__Basidiomycota,c__Agaricomycetes,o__Russulales,f__Peniophoraceae,g__Subulicystidium,s__Subulicystidium_perlongisporum
OTU.292,k__Fungi,p__Basidiomycota,c__Agaricomycetes,o__Russulales,f__Stereaceae,NA,NA
OTU.293,k__Fungi,p__Basidiomycota,c__Agaricomycetes,o__Russulales,f__Stereaceae,g__Acanthobasidium,s__Acanthobasidium_penicillatum
OTU.294,k__Fungi,p__Basidiomycota,c__Agaricomycetes,o__Russulales,f__Stereaceae,g__Stereum,NA
OTU.295,k__Fungi,p__Basidiomycota,c__Agaricomycetes,o__Thelephorales,f__Thelephoraceae,NA,NA
OTU.296,k__Fungi,p__Basidiomycota,c__Agaricomycetes,o__Thelephorales,f__Thelephoraceae,g__Tomentella,NA
OTU.297,k__Fungi,p__Basidiomycota,c__Agaricomycetes,o__Thelephorales,f__Thelephoraceae,g__Tomentella,s__Tomentella_clavigera
OTU.298,k__Fungi,p__Basidiomycota,c__Agaricomycetes,o__Thelephorales,f__Thelephoraceae,g__Tomentella,s__Tomentella_ellisii
OTU.299,k__Fungi,p__Basidiomycota,c__Agaricomycetes,o__Thelephorales,f__Thelephoraceae,g__Tomentella,s__unidentified
OTU.300,k__Fungi,p__Basidiomycota,c__Agaricomycetes,o__Thelephorales,f__Thelephoraceae,g__Tomentellopsis,s__unidentified
OTU.301,k__Fungi,p__Basidiomycota,c__Agaricomycetes,o__Thelephorales,f__Thelephoraceae,g__unidentified,s__unidentified
OTU.302,k__Fungi,p__Basidiomycota,c__Agaricomycetes,o__Trechisporales,f__Hydnodontaceae,g__Trechispora,s__unidentified
OTU.303,k__Fungi,p__Basidiomycota,c__Agaricomycetes,o__unidentified,f__unidentified,g__unidentified,s__unidentified
OTU.304,k__Fungi,p__Basidiomycota,c__Cystobasidiomycetes,o__Cystobasidiomycetes_ord_Incertae_sedis,f__Symmetrosporaceae,g__Symmetrospora,s__Symmetrospora_coprosmae
OTU.305,k__Fungi,p__Basidiomycota,c__Cystobasidiomycetes,o__Cystobasidiomycetes_ord_Incertae_sedis,f__Symmetrosporaceae,g__Symmetrospora,s__Symmetrospora_gracilis
OTU.306,k__Fungi,p__Basidiomycota,c__Microbotryomycetes,o__Microbotryales,f__Microbotryaceae,g__Microbotryum,s__Microbotryum_anomalum
OTU.307,k__Fungi,p__Basidiomycota,c__Microbotryomycetes,o__Microbotryales,f__Ustilentylomataceae,g__Ustilentyloma,s__Ustilentyloma_graminis
OTU.308,k__Fungi,p__Basidiomycota,c__Microbotryomycetes,o__Microbotryomycetes_ord_Incertae_sedis,f__Chrysozymaceae,g__Fellozyma,s__Fellozyma_inositophila
OTU.309,k__Fungi,p__Basidiomycota,c__Microbotryomycetes,o__Sporidiobolales,f__Sporidiobolaceae,g__Rhodotorula,s__Rhodotorula_dairenensis
OTU.310,k__Fungi,p__Basidiomycota,c__Tremellomycetes,o__Cystofilobasidiales,NA,NA,NA
OTU.311,k__Fungi,p__Basidiomycota,c__Tremellomycetes,o__Cystofilobasidiales,f__Cystofilobasidiaceae,g__Cystofilobasidium,s__Cystofilobasidium_capitatum
OTU.312,k__Fungi,p__Basidiomycota,c__Tremellomycetes,o__Cystofilobasidiales,f__Cystofilobasidiaceae,g__Cystofilobasidium,s__Cystofilobasidium_infirmominiatum
OTU.313,k__Fungi,p__Basidiomycota,c__Tremellomycetes,o__Cystofilobasidiales,f__Cystofilobasidiaceae,g__Cystofilobasidium,s__Cystofilobasidium_macerans
OTU.314,k__Fungi,p__Basidiomycota,c__Tremellomycetes,o__Cystofilobasidiales,f__Cystofilobasidiales_fam_Incertae_sedis,g__Mrakiella,s__Mrakiella_aquatica
OTU.315,k__Fungi,p__Basidiomycota,c__Tremellomycetes,o__Cystofilobasidiales,f__Mrakiaceae,g__Krasilnikovozyma,s__Krasilnikovozyma_huempii
OTU.316,k__Fungi,p__Basidiomycota,c__Tremellomycetes,o__Cystofilobasidiales,f__Mrakiaceae,g__Krasilnikovozyma,s__Krasilnikovozyma_tahquamenonensis
OTU.317,k__Fungi,p__Basidiomycota,c__Tremellomycetes,o__Cystofilobasidiales,f__Mrakiaceae,g__Tausonia,s__Tausonia_pullulans
OTU.318,k__Fungi,p__Basidiomycota,c__Tremellomycetes,o__Cystofilobasidiales,f__Mrakiaceae,g__Udeniomyces,s__Udeniomyces_pyricola
OTU.319,k__Fungi,p__Basidiomycota,c__Tremellomycetes,o__Filobasidiales,f__Filobasidiaceae,g__Naganishia,s__Naganishia_globosa
OTU.320,k__Fungi,p__Basidiomycota,c__Tremellomycetes,o__Filobasidiales,f__Filobasidiaceae,g__Naganishia,s__Naganishia_randhawae
OTU.321,k__Fungi,p__Basidiomycota,c__Tremellomycetes,o__Tremellales,f__Tremellaceae,g__Cryptococcus,s__unidentified
OTU.322,k__Fungi,p__Mortierellomycota,c__Mortierellomycetes,o__Mortierellales,f__Mortierellaceae,g__Mortierella,s__Mortierella_amoeboidea
OTU.323,k__Fungi,p__Mortierellomycota,c__Mortierellomycetes,o__Mortierellales,f__Mortierellaceae,g__Mortierella,s__unidentified
OTU.324,k__Fungi,p__Mucoromycota,c__Mucoromycetes,o__Mucorales,f__Mucoraceae,g__Mucor,s__Mucor_circinelloides
OTU.325,k__Fungi,p__Mucoromycota,c__Umbelopsidomycetes,o__Umbelopsidales,f__Umbelopsidaceae,g__Umbelopsis,s__unidentified
OTU.326,k__Fungi,p__unidentified,c__unidentified,o__unidentified,f__unidentified,g__unidentified,s__unidentified
